<?xml version="1.0" encoding="UTF-8" ?>
<!DOCTYPE mapper PUBLIC "-//mybatis.org//DTD Mapper 3.0//EN"
        "http://mybatis.org/dtd/mybatis-3-mapper.dtd">

<mapper namespace="cn.keepfight.qsmanager.Mapper.CustomMapper">

    <!--List<CustomModel> selectAll() throws Exception;-->
    <select id="selectAll" resultType="CustomModel">
        SELECT *
        FROM custom
        WHERE utype=2
        ORDER BY serial
    </select>

    <!--根据客户ID 选择客户-->
    <!--CustomModel selectAllByID(Long cid) throws Exception;-->
    <select id="selectAllByID" parameterType="long" resultType="CustomModel">
        SELECT *
        FROM custom
        WHERE id = #{id}
    </select>

    <!--void insert(CustomModel custom) throws Exception;-->
    <insert id="insert" parameterType="CustomModel">
        INSERT INTO
        custom (
        serial,
        name,
        namefull,
        phone,
        fax,
        accpb,
        accpv,
        bccpb,
        bccpv,
        addr,
        note,
        utype,
        acc,
        psw)
        VALUES (#{serial},
        #{name},
        #{namefull},
        #{phone},
        #{fax},
        #{accpb},
        #{accpv},
        #{bccpb},
        #{bccpv},
        #{addr},
        #{note},
        #{utype},
        #{acc},
        #{psw})
        <selectKey keyProperty="id" order="AFTER" resultType="long">
            SELECT last_insert_rowid();
        </selectKey>
    </insert>

    <!--void delete(CustomModel custom) throws Exception;-->
    <delete id="delete" parameterType="CustomModel">
        DELETE FROM custom
        WHERE id = #{id}
    </delete>

    <!--void update(CustomModel custom) throws Exception;-->
    <update id="update" parameterType="CustomModel">
        UPDATE custom
        SET
        serial = #{serial},
        name = #{name},
        namefull = #{namefull},
        phone = #{phone},
        fax = #{fax},
        accpb = #{accpb},
        accpv = #{accpv},
        bccpb = #{bccpb},
        bccpv = #{bccpv},
        addr = #{addr},
        note = #{note},
        utype = #{utype},
        acc = #{acc},
        psw = #{psw}
        WHERE id = #{id}
    </update>

    <!--CustomModel checkLegality(CustomModel user) throws Exception;-->
    <select id="checkLegality" resultType="CustomModel" parameterType="CustomModel">
        SELECT *
        FROM custom
        WHERE acc = '${acc}' AND psw = '${psw}'
    </select>
</mapper>