<?xml version="1.0" encoding="UTF-8" ?>
<!DOCTYPE mapper PUBLIC "-//mybatis.org//DTD Mapper 3.0//EN"
        "http://mybatis.org/dtd/mybatis-3-mapper.dtd">

<mapper namespace="cn.keepfight.qsmanager.Mapper.MaterialMapper">

    <!--List<MaterialModel> selectAll() throws Exception;-->
    <select id="selectAll" parameterType="long" resultType="MaterialModel">
        SELECT *
        FROM material
        WHERE sid=#{sid}
        ORDER BY item
    </select>


    <!--void insert(MaterialModel material) throws Exception;-->
    <insert id="insert" parameterType="MaterialModel">
        INSERT INTO
        material (
        sid,
        serial,
        name,
        color,
        spec,
        price,
        unit)
        VALUES (#{sid},
        #{serial},
        #{name},
        #{color},
        #{spec},
        #{price},
        #{unit})
        <selectKey keyProperty="id" order="AFTER" resultType="long">
            SELECT last_insert_rowid();
        </selectKey>
    </insert>

    <!--void delete(MaterialModel material) throws Exception;-->
    <delete id="delete" parameterType="MaterialModel">
        DELETE FROM material
        WHERE id = #{id}
    </delete>

    <!--void update(MaterialModel material) throws Exception;-->
    <update id="update" parameterType="MaterialModel">
        UPDATE material
        SET
        sid = #{sid},
        serial = #{serial},
        name = #{name},
        color = #{color},
        spec = #{spec},
        price = #{price},
        unit = #{unit}
        WHERE id = #{id}
    </update>
</mapper>