<?xml version="1.0" encoding="UTF-8" ?>
<!DOCTYPE mapper PUBLIC "-//mybatis.org//DTD Mapper 3.0//EN"
        "http://mybatis.org/dtd/mybatis-3-mapper.dtd">

<mapper namespace="cn.keepfight.qsmanager.Mapper.ProductMapper">

    <!--List<ProductModel> selectAll() throws Exception;-->
    <select id="selectAll" resultType="ProductModel">
        SELECT *
        FROM Product
        ORDER BY serial
    </select>

    <!--void insert(ProductModel Product) throws Exception;-->
    <insert id="insert" parameterType="ProductModel">
        INSERT INTO
        Product (
        serial,
        name,
        detail,
        pack,
        price,
        unit,
        picurl
        )
        VALUES (
        #{serial},
        #{name},
        #{detail},
        #{pack},
        #{price},
        #{unit},
        #{picurl}
        )
        <selectKey keyProperty="id" order="AFTER" resultType="long">
            SELECT last_insert_rowid();
        </selectKey>
    </insert>

    <!--void delete(ProductModel Product) throws Exception;-->
    <delete id="delete" parameterType="ProductModel">
        DELETE FROM Product
        WHERE id = #{id}
    </delete>

    <!--void update(ProductModel Product) throws Exception;-->
    <update id="update" parameterType="ProductModel">
        UPDATE Product
        SET
        serial = #{serial},
        name = #{name},
        detail = #{detail},
        pack = #{pack},
        price = #{price},
        unit = #{unit},
        picurl = #{picurl}
        WHERE id = #{id}
    </update>
</mapper>